,name,rate,title,u_id,h_id
0,Elmiltch,"5,0",Idéal pour visite de Paris en famille,-1152596319297231532,A CHANGER
1,,"5,0",,-1152596319297231532,A CHANGER
2,Sarahe,"5,0",Bon séjours,-4496547799725959920,A CHANGER
3,Guillaume G,"5,0","Rapport qualité/prix de folie, localisation idéale pour visiter Paris.",-4192406889284920459,A CHANGER
4,Silva A,"5,0",Séjour Hotel Malte Astotel Paris,5787180980290430338,A CHANGER
5,,"5,0",,5787180980290430338,A CHANGER
6,Marc W,"5,0",Chouette hôtel,-964461838996601786,A CHANGER
7,,"5,0",,-964461838996601786,A CHANGER
8,,"5,0",,-964461838996601786,A CHANGER
9,lionel-lacour,"5,0",Très bon hôtel,5033019874128714218,A CHANGER
10,michelerochiccioli2,"5,0",A conseiller +++,-2620641022471580364,A CHANGER
11,thierryjulien2020,"5,0",Très bien,-8787553927776675734,A CHANGER
12,xk551,"2,0",tres déçu pour ma deuxième venue chez vous.,7823687228896337466,A CHANGER
13,Julie C,"5,0",Aux petits soins!,2407125498862317323,A CHANGER
14,,"5,0",,2407125498862317323,A CHANGER
15,,"1,0",,2407125498862317323,A CHANGER
16,Martinepierre14,"5,0",Accueil très chaleureux dans un contexte difficile de confinement et d'attentats,-4263724343705851438,A CHANGER
17,,"5,0",,-4263724343705851438,A CHANGER
18,,"4,0",,-4263724343705851438,A CHANGER
19,,"4,0",,-4263724343705851438,A CHANGER
20,,"5,0",,-4263724343705851438,A CHANGER
21,,"5,0",,-4263724343705851438,A CHANGER
22,,"4,0",,-4263724343705851438,A CHANGER
23,,"5,0",,-4263724343705851438,A CHANGER
24,,"3,0",,-4263724343705851438,A CHANGER
25,bozu2046,"4,0",Très bon rapport qualité/ prix,-6977778809575761745,A CHANGER
26,,"4,0",,-6977778809575761745,A CHANGER
27,,"5,0",,-6977778809575761745,A CHANGER
28,,"3,0",,-6977778809575761745,A CHANGER
29,,"5,0",,-6977778809575761745,A CHANGER
30,,"5,0",,-6977778809575761745,A CHANGER
31,,"4,0",,-6977778809575761745,A CHANGER
32,,"4,0",,-6977778809575761745,A CHANGER
33,eric2vdigpo1ml5lxh5g,"5,0",Un bel endroit,5510731436976142428,A CHANGER
34,xav d,"4,0",Voyage affaire,4832550572617252400,A CHANGER
35,,"4,0",,4832550572617252400,A CHANGER
36,,"5,0",,4832550572617252400,A CHANGER
37,,"3,0",,4832550572617252400,A CHANGER
38,,"5,0",,4832550572617252400,A CHANGER
39,,"3,0",,4832550572617252400,A CHANGER
40,,"3,0",,4832550572617252400,A CHANGER
41,,"3,0",,4832550572617252400,A CHANGER
42,Remyriam,"5,0",Excellent sejour a l'hotel La Manufacture,558701486569365819,A CHANGER
43,,"5,0",,558701486569365819,A CHANGER
44,,"5,0",,558701486569365819,A CHANGER
45,Avi L,"5,0",Une discrétion et un service d’exception ,3646590190865766445,A CHANGER
46,,"5,0",,3646590190865766445,A CHANGER
47,Amandine,"5,0",Merveilleux hôtel je recommande 1000 fois !,4458006709013324560,A CHANGER
48,,"5,0",,4458006709013324560,A CHANGER
49,enzo k,"5,0",ALLEZ Y ! extra,-1446711965927959033,A CHANGER
50,Jade,"5,0",Séjour merveilleux ,2600974488761755324,A CHANGER
51,Rachou1810,"5,0",Premier hôtel > LE TOOOPPP,-7923352298144330013,A CHANGER
52,,"5,0",,-7923352298144330013,A CHANGER
53,peaceandlove,"4,0",Décoration trés bien pensée,3962235821978875253,A CHANGER
54,,"4,0",,3962235821978875253,A CHANGER
55,,"4,0",,3962235821978875253,A CHANGER
56,,"4,0",,3962235821978875253,A CHANGER
57,,"4,0",,3962235821978875253,A CHANGER
58,,"2,0",,3962235821978875253,A CHANGER
59,Alex F,"5,0",Magnifique hôtel,-5553117969692719907,A CHANGER
60,bgliga738524,"5,0",Voyage au top !,3304039987084943984,A CHANGER
61,Pauline D,"5,0",Séjour parfait,-7614915407960294009,A CHANGER
62,Alexandra L,"5,0",Mon hotel préféré à Paris,8557833055570817943,A CHANGER
63,,"5,0",,8557833055570817943,A CHANGER
64,hortenserigal,"5,0",Superbe Hotel,5064772355919017252,A CHANGER
65,18laure,"5,0",bravo à l'équipe de l'hôtel pour sa disponibilité et son sens de l'accueil,-3835042589200746858,A CHANGER
66,Jeremy Barray,"5,0",Excellent!,400842302489663488,A CHANGER
67,Sandra F,"5,0",Très bon hôtel,6081716588918771547,A CHANGER
68,Boucheron Joell... L,"5,0",Séjour en famille ,5597710160435003750,A CHANGER
69,,"4,0",,5597710160435003750,A CHANGER
70,,"5,0",,5597710160435003750,A CHANGER
71,,"5,0",,5597710160435003750,A CHANGER
72,,"1,0",,5597710160435003750,A CHANGER
73,,"5,0",,5597710160435003750,A CHANGER
74,DavidBeaufils,"5,0",Superbe !!,4774117166547632028,A CHANGER
75,,"5,0",,4774117166547632028,A CHANGER
76,,"5,0",,4774117166547632028,A CHANGER
77,,"5,0",,4774117166547632028,A CHANGER
78,,"5,0",,4774117166547632028,A CHANGER
79,Dubuc,"5,0",Hotel plein de charme,-9071797941723686219,A CHANGER
80,Lordbret007,"1,0",2 Étoiles et je suis génereux,4269365347570483450,A CHANGER
81,,"1,0",,4269365347570483450,A CHANGER
82,,"1,0",,4269365347570483450,A CHANGER
83,,"5,0",,4269365347570483450,A CHANGER
84,,"5,0",,4269365347570483450,A CHANGER
85,,"4,0",,4269365347570483450,A CHANGER
86,,"5,0",,4269365347570483450,A CHANGER
87,,"5,0",,4269365347570483450,A CHANGER
88,,"1,0",,4269365347570483450,A CHANGER
89,,"5,0",,4269365347570483450,A CHANGER
90,,"5,0",,4269365347570483450,A CHANGER
91,,"1,0",,4269365347570483450,A CHANGER
92,,"5,0",,4269365347570483450,A CHANGER
93,,"5,0",,4269365347570483450,A CHANGER
94,,"5,0",,4269365347570483450,A CHANGER
95,,"4,0",,4269365347570483450,A CHANGER
96,,"5,0",,4269365347570483450,A CHANGER
97,,"5,0",,4269365347570483450,A CHANGER
98,,"4,0",,4269365347570483450,A CHANGER
99,Maharahaje S,"5,0", Un des meilleurs hôtels à Paris,751177626303728371,A CHANGER
100,,"5,0",,751177626303728371,A CHANGER
101,claudine c,"5,0",Soirée romantique,-3291852820852344586,A CHANGER
102,,"5,0",,-3291852820852344586,A CHANGER
103,,"4,0",,-3291852820852344586,A CHANGER
104,,"5,0",,-3291852820852344586,A CHANGER
105,,"5,0",,-3291852820852344586,A CHANGER
106,nadyatel,"5,0",Agréable séjour,361738560148871198,A CHANGER
107,natzen13,"5,0",Impec!,8033637862650606559,A CHANGER
108,,"5,0",,8033637862650606559,A CHANGER
109,,"4,0",,8033637862650606559,A CHANGER
110,khadrayb,"5,0",Accueil,2701124916086312971,A CHANGER
111,fredericroch,"5,0",Avis excellent,-176160825973777150,A CHANGER
112,berengeremasson,"5,0",Tres bon hotel pour une nuit avant de prendre le train,-6626438996100763503,A CHANGER
113,Christian B,"4,0",Beau concept,-6286304981891915403,A CHANGER
114,Bsevane,"5,0",Emplacement idéal à 200m Gare de Lyon ,-506632383021089806,A CHANGER
115,,"5,0",,-506632383021089806,A CHANGER
116,,"5,0",,-506632383021089806,A CHANGER
117,,"5,0",,-506632383021089806,A CHANGER
118,didiergr0sjean,"3,0",Nuit du 20201116 DG,-4371871448096169951,A CHANGER
119,M5030TBar,"5,0",Cosy room from the future,5880941652629472704,A CHANGER
120,aureliebar2020,"4,0",Très chouette,-7537727158828495767,A CHANGER
121,Thomas N,"5,0",Excellent,8619198991145306231,A CHANGER
122,fabienne d,"5,0",Très bien ,3798737390861739475,A CHANGER
123,,"5,0",,3798737390861739475,A CHANGER
124,Jcc,"5,0",Très très bonne adresse,8225730057596684957,A CHANGER
125,ijcg,"5,0",Un séjour Idéal,3771285506976178025,A CHANGER
126,,"5,0",,3771285506976178025,A CHANGER
127,,"5,0",,3771285506976178025,A CHANGER
128,,"5,0",,3771285506976178025,A CHANGER
129,,"5,0",,3771285506976178025,A CHANGER
130,,"5,0",,3771285506976178025,A CHANGER
131,Amin G,"5,0",Incontournable ,8584771326652518147,A CHANGER
132,,"5,0",,8584771326652518147,A CHANGER
133,,"5,0",,8584771326652518147,A CHANGER
134,,"5,0",,8584771326652518147,A CHANGER
135,emelineg359,"5,0",Toujours un plaisir de retrouver l'hôtel Darcet pour mes séjours parisiens,-4977243889395043709,A CHANGER
136,,"5,0",,-4977243889395043709,A CHANGER
137,,"5,0",,-4977243889395043709,A CHANGER
138,,"5,0",,-4977243889395043709,A CHANGER
139,kevinel0die,"5,0",Un véritable coup de coeur !,8949387074952578099,A CHANGER
140,Laeti T,"5,0",Tres bon séjour ,-8682993027273919696,A CHANGER
141,Ratafia R,"5,0",Une perle dans Paris,-5131258805944166903,A CHANGER
142,,"5,0",,-5131258805944166903,A CHANGER
143,argane,"5,0",A découvrir...,6938262300124853222,A CHANGER
144,,"5,0",,6938262300124853222,A CHANGER
145,,"5,0",,6938262300124853222,A CHANGER
146,HionaM,"5,0",Superbe expérience,6640394434326680991,A CHANGER
147,sandrah78078,"5,0",Séjour parfait ,-8295818425414593265,A CHANGER
148,,"5,0",,-8295818425414593265,A CHANGER
149,vincent l,"2,0",Avis mitigé,-8856301658953563124,A CHANGER
150,,"2,0",,-8856301658953563124,A CHANGER
151,,"5,0",,-8856301658953563124,A CHANGER
152,chabhas,"5,0",Très bon hôtel !,-2491889379353192175,A CHANGER
153,vdscarine,"5,0",Parfait,4594224138774730766,A CHANGER
154,,"5,0",,4594224138774730766,A CHANGER
155,,"4,0",,4594224138774730766,A CHANGER
156,stephanenjonk,"5,0",Séjour au top,2950284224544446952,A CHANGER
157,jerome75,"4,0",emplacement intéressant,7553716618252547139,A CHANGER
158,amelie h,"5,0",De passage,-2071927387041980394,A CHANGER
159,,"5,0",,-2071927387041980394,A CHANGER
160,,"5,0",,-2071927387041980394,A CHANGER
161,Bzh.Farinthesky,"5,0",Presque parfait ,-6756846593732568550,A CHANGER
162,,"5,0",,-6756846593732568550,A CHANGER
163,,"4,0",,-6756846593732568550,A CHANGER
164,,"5,0",,-6756846593732568550,A CHANGER
165,,"1,0",,-6756846593732568550,A CHANGER
166,,"5,0",,-6756846593732568550,A CHANGER
167,,"4,0",,-6756846593732568550,A CHANGER
168,,"5,0",,-6756846593732568550,A CHANGER
169,,"5,0",,-6756846593732568550,A CHANGER
170,Fbi1353,"3,0",décevant,-7572097790641326878,A CHANGER
171,,"3,0",,-7572097790641326878,A CHANGER
172,,"4,0",,-7572097790641326878,A CHANGER
173,lasourisverte,"4,0",Décoration originale,-5167234333109782972,A CHANGER
174,,"4,0",,-5167234333109782972,A CHANGER
175,Amaury G,"5,0",Agréable sejour,7201639815058885639,A CHANGER
176,,"5,0",,7201639815058885639,A CHANGER
177,Pomme21,"5,0",Super Hôtel ,6910186643770298466,A CHANGER
178,,"5,0",,6910186643770298466,A CHANGER
179,,"5,0",,6910186643770298466,A CHANGER
180,,"1,0",,6910186643770298466,A CHANGER
181,,"5,0",,6910186643770298466,A CHANGER
182,Marie Laure K,"5,0",Tres bien; tres bon rapport qualite prix,7191130640699006001,A CHANGER
183,,"5,0",,7191130640699006001,A CHANGER
184,Cindy H,"4,0",Petit séjour parisien ,8250823690593991054,A CHANGER
185,,"4,0",,8250823690593991054,A CHANGER
186,,"5,0",,8250823690593991054,A CHANGER
187,,"3,0",,8250823690593991054,A CHANGER
188,,"4,0",,8250823690593991054,A CHANGER
189,,"4,0",,8250823690593991054,A CHANGER
190,,"5,0",,8250823690593991054,A CHANGER
191,,"1,0",,8250823690593991054,A CHANGER
192,Voyageur0064,"5,0",Excellent ,-5057784293924418401,A CHANGER
193,,"2,5",,-5057784293924418401,A CHANGER
194,,"1,0",,-5057784293924418401,A CHANGER
195,,"1,0",,-5057784293924418401,A CHANGER
196,,"4,0",,-5057784293924418401,A CHANGER
197,,"5,0",,-5057784293924418401,A CHANGER
198,,"4,0",,-5057784293924418401,A CHANGER
199,,"3,0",,-5057784293924418401,A CHANGER
200,,"5,0",,-5057784293924418401,A CHANGER
201,,"5,0",,-5057784293924418401,A CHANGER
202,,"5,0",,-5057784293924418401,A CHANGER
203,,"1,0",,-5057784293924418401,A CHANGER
204,Vince,"5,0",Satisfait ,4059709022784784042,A CHANGER
205,J R,"4,0","Bonne situation, tarifs attractifs, chambre propre et bien aménagée",6971774968729862777,A CHANGER
206,Damdam75,"4,0",Bonne adresse proche Montparnasse ,-7270628402668666828,A CHANGER
207,,"4,0",,-7270628402668666828,A CHANGER
208,,"5,0",,-7270628402668666828,A CHANGER
209,,"3,0",,-7270628402668666828,A CHANGER
210,,"3,0",,-7270628402668666828,A CHANGER
211,,"5,0",,-7270628402668666828,A CHANGER
212,,"5,0",,-7270628402668666828,A CHANGER
213,,"5,0",,-7270628402668666828,A CHANGER
214,Olivier V,"4,0",Bien pour un séjour court en correspondance. Sans plus.,6448112194961961114,A CHANGER
215,,"4,0",,6448112194961961114,A CHANGER
216,,"4,0",,6448112194961961114,A CHANGER
217,,"4,0",,6448112194961961114,A CHANGER
218,,"5,0",,6448112194961961114,A CHANGER
219,,"4,0",,6448112194961961114,A CHANGER
220,,"5,0",,6448112194961961114,A CHANGER
221,boulsand,"4,0",TRES BIEN MAIS CHAMBRE VRAIMENT PETITE,-2253925761911509045,A CHANGER
222,,"4,0",,-2253925761911509045,A CHANGER
223,,"4,0",,-2253925761911509045,A CHANGER
224,,"5,0",,-2253925761911509045,A CHANGER
225,,"3,0",,-2253925761911509045,A CHANGER
226,,"4,0",,-2253925761911509045,A CHANGER
227,Fabienne H,"5,0",Séjour parisien ,4189036941349103653,A CHANGER
228,,"4,0",,4189036941349103653,A CHANGER
229,,"5,0",,4189036941349103653,A CHANGER
230,,"3,0",,4189036941349103653,A CHANGER
231,,"4,0",,4189036941349103653,A CHANGER
232,,"4,0",,4189036941349103653,A CHANGER
233,,"5,0",,4189036941349103653,A CHANGER
234,471C_R,"5,0",Excellent séjour ,-2125410424705955703,A CHANGER
235,,"5,0",,-2125410424705955703,A CHANGER
236,Florian,"4,0",Agréable Séjour,8570336423340838293,A CHANGER
237,,"4,0",,8570336423340838293,A CHANGER
238,moi20cent,"4,0",Très bien ,6660667888856492674,A CHANGER
239,,"4,0",,6660667888856492674,A CHANGER
240,,"5,0",,6660667888856492674,A CHANGER
241,Gabriellgaby,"4,0",petit hotel sympa,-4522460409866909937,A CHANGER
242,Valerieval5962,"5,0",Super,-3026243399421609222,A CHANGER
243,,"5,0",,-3026243399421609222,A CHANGER
244,,"1,0",,-3026243399421609222,A CHANGER
245,,"5,0",,-3026243399421609222,A CHANGER
246,Corinneb6971,"5,0",Hôtel vivement conseillé,9052089284601345434,A CHANGER
247,louisjubin,"5,0",Fidèle à l'hôtel Interlude,-5617539455421639197,A CHANGER
248,yannicktolle,"4,0",Très bon hôtel. Bien placé,1298914521692243267,A CHANGER
249,,"4,0",,1298914521692243267,A CHANGER
250,ladams441778,"1,0","Fuyez...très sale, et pas désinfecté",-6703569677250324458,A CHANGER
251,christinebouchard1,"5,0",Hôtel chaleureux,1461818754136861879,A CHANGER
252,Corine51,"5,0",Très bien,1776731095274863280,A CHANGER
253,,"5,0",,1776731095274863280,A CHANGER
254,,"5,0",,1776731095274863280,A CHANGER
255,,"5,0",,1776731095274863280,A CHANGER
256,RSR31400,"5,0",Rien à redire,4316923766045033078,A CHANGER
257,julienduvar,"5,0",Belle surprise,-9075120689980284680,A CHANGER
258,,"5,0",,-9075120689980284680,A CHANGER
259,,"3,0",,-9075120689980284680,A CHANGER
260,,"4,0",,-9075120689980284680,A CHANGER
261,,"4,0",,-9075120689980284680,A CHANGER
262,,"3,0",,-9075120689980284680,A CHANGER
263,,"4,0",,-9075120689980284680,A CHANGER
264,Ibrahima Nour E... D,"5,0","A perfect localisation, very nice staff and a lovely boutique hotel",-1978662328025428554,A CHANGER
265,,"5,0",,-1978662328025428554,A CHANGER
266,,"5,0",,-1978662328025428554,A CHANGER
267,,"5,0",,-1978662328025428554,A CHANGER
268,,"5,0",,-1978662328025428554,A CHANGER
269,,"5,0",,-1978662328025428554,A CHANGER
270,,"4,0",,-1978662328025428554,A CHANGER
271,eurla2f,"5,0",Parfait,190567096420421899,A CHANGER
272,annieleb2020,"3,0",pour dormir sans déjeuner,1859910561030488349,A CHANGER
273,Lyonnaise,"5,0",Séjour inoubliable!!,7595223609953243865,A CHANGER
274,,"5,0",,7595223609953243865,A CHANGER
275,,"4,0",,7595223609953243865,A CHANGER
276,abimen,"5,0",Anniversaire de mariage,-5028642400986610218,A CHANGER
277,milpiedjb,"4,0",Très bien mais chambre mal insonorisé,1736179984273867311,A CHANGER
278,sarahporsan,"3,0",Un hôtel moyen,8772278027587137136,A CHANGER
279,galipol,"4,0",Hôtel accueillant et un personnel attentionné,-667886446156605270,A CHANGER
280,cecilepaoletti2a,"3,0",Bon rapport qualité prix,-7829579896732331609,A CHANGER
281,Raf-meliss-lylou,"4,0",Bien situé ,-4737360053016724425,A CHANGER
282,,"4,0",,-4737360053016724425,A CHANGER
283,,"4,0",,-4737360053016724425,A CHANGER
284,Ila1511,"5,0",Excellent,-6811338667364903984,A CHANGER
285,,"5,0",,-6811338667364903984,A CHANGER
286,,"5,0",,-6811338667364903984,A CHANGER
287,,"5,0",,-6811338667364903984,A CHANGER
288,,"1,0",,-6811338667364903984,A CHANGER
289,,"5,0",,-6811338667364903984,A CHANGER
290,,"5,0",,-6811338667364903984,A CHANGER
291,,"5,0",,-6811338667364903984,A CHANGER
292,,"5,0",,-6811338667364903984,A CHANGER
293,,"5,0",,-6811338667364903984,A CHANGER
294,Asclepios48,"5,0",Prestations impeccables,3279022380641166837,A CHANGER
295,,"5,0",,3279022380641166837,A CHANGER
296,,"5,0",,3279022380641166837,A CHANGER
297,,"5,0",,3279022380641166837,A CHANGER
298,DominicC112,"4,0",De passage 3 jours à Paris ,-1926480598798200934,A CHANGER
299,,"1,0",,-1926480598798200934,A CHANGER
300,,"4,0",,-1926480598798200934,A CHANGER
301,,"4,0",,-1926480598798200934,A CHANGER
302,Laurette44Pornichet,"5,0",Toujours aussi bien!,2357435824077635337,A CHANGER
303,,"5,0",,2357435824077635337,A CHANGER
304,,"5,0",,2357435824077635337,A CHANGER
305,,"4,0",,2357435824077635337,A CHANGER
306,,"5,0",,2357435824077635337,A CHANGER
307,,"5,0",,2357435824077635337,A CHANGER
308,,"5,0",,2357435824077635337,A CHANGER
309,,"4,0",,2357435824077635337,A CHANGER
310,,"4,0",,2357435824077635337,A CHANGER
311,Gazelle 6901,"5,0",Parfait ,-4658380417802486885,A CHANGER
312,,"5,0",,-4658380417802486885,A CHANGER
313,,"4,0",,-4658380417802486885,A CHANGER
314,,"2,0",,-4658380417802486885,A CHANGER
315,,"3,0",,-4658380417802486885,A CHANGER
316,,"1,0",,-4658380417802486885,A CHANGER
317,,"1,0",,-4658380417802486885,A CHANGER
318,,"3,0",,-4658380417802486885,A CHANGER
319,,"2,0",,-4658380417802486885,A CHANGER
320,denisvaginay,"4,0",Bien,8000182735077384441,A CHANGER
321,991jean,"5,0",Un bel accueil dans un bel hôtel bien placé,4381794188559376501,A CHANGER
322,afuric862742,"5,0",Séjour en Décembre,-8521240325848588399,A CHANGER
323,tsandr470038,"5,0",Hotel calme idéalement placé,-7162368869736693044,A CHANGER
324,mdupin456349,"5,0",excellent,-2748176523262975037,A CHANGER
325,587christophe,"5,0",Bon courage,806638277171415314,A CHANGER
326,,"5,0",,806638277171415314,A CHANGER
327,,"4,0",,806638277171415314,A CHANGER
328,,"4,0",,806638277171415314,A CHANGER
329,Emeline H,"4,0",Peu mieux faire ,6193307470548466848,A CHANGER
330,,"4,0",,6193307470548466848,A CHANGER
331,,"5,0",,6193307470548466848,A CHANGER
332,,"5,0",,6193307470548466848,A CHANGER
333,,"5,0",,6193307470548466848,A CHANGER
334,Sacq,"4,0",Très bonne nuit,7486970028797509177,A CHANGER
335,,"4,0",,7486970028797509177,A CHANGER
336,,"5,0",,7486970028797509177,A CHANGER
337,,"4,0",,7486970028797509177,A CHANGER
338,,"4,0",,7486970028797509177,A CHANGER
339,,"3,0",,7486970028797509177,A CHANGER
340,,"4,0",,7486970028797509177,A CHANGER
341,,"4,0",,7486970028797509177,A CHANGER
342,,"4,0",,7486970028797509177,A CHANGER
343,Maur,"4,0",Bel hôtel,-2960153044526505289,A CHANGER
344,,"4,0",,-2960153044526505289,A CHANGER
345,,"3,0",,-2960153044526505289,A CHANGER
346,,"4,0",,-2960153044526505289,A CHANGER
347,,"4,0",,-2960153044526505289,A CHANGER
348,,"4,0",,-2960153044526505289,A CHANGER
349,,"2,0",,-2960153044526505289,A CHANGER
350,,"3,0",,-2960153044526505289,A CHANGER
351,,"5,0",,-2960153044526505289,A CHANGER
352,,"4,0",,-2960153044526505289,A CHANGER
353,,"1,0",,-2960153044526505289,A CHANGER
354,,"4,0",,-2960153044526505289,A CHANGER
355,Vernon H,"5,0",Remerciements,-5686040381444590498,A CHANGER
356,Lionel B,"5,0",Excellent Service et Hôtel très bien situé,-4161959882401035689,A CHANGER
357,,"5,0",,-4161959882401035689,A CHANGER
358,,"5,0",,-4161959882401035689,A CHANGER
359,,"4,0",,-4161959882401035689,A CHANGER
360,Olivier J,"5,0","Bon service du soir, hotel propre bien placé, et jolie décor ",7755273461755642319,A CHANGER
361,,"5,0",,7755273461755642319,A CHANGER
362,Céline D,"5,0",Magnifique séjour,-2471698035402619367,A CHANGER
363,founet76,"5,0",Superbe endroit...,14662590431851631,A CHANGER
364,,"5,0",,14662590431851631,A CHANGER
365,,"5,0",,14662590431851631,A CHANGER
366,,"5,0",,14662590431851631,A CHANGER
367,,"5,0",,14662590431851631,A CHANGER
368,,"5,0",,14662590431851631,A CHANGER
369,,"5,0",,14662590431851631,A CHANGER
370,,"4,0",,14662590431851631,A CHANGER
371,Julien,"5,0",Séjour parfait,4027954529803573186,A CHANGER
372,palls,"4,0","PETIT, CALME ET BEAU",-3510585359920322086,A CHANGER
373,,"4,0",,-3510585359920322086,A CHANGER
374,,"5,0",,-3510585359920322086,A CHANGER
375,vadrouillex,"4,0",Hôtel calme et confortable - chambre 102 sur rue,2638492523683653555,A CHANGER
376,,"3,0",,2638492523683653555,A CHANGER
377,,"4,0",,2638492523683653555,A CHANGER
378,,"4,0",,2638492523683653555,A CHANGER
379,,"5,0",,2638492523683653555,A CHANGER
380,,"4,0",,2638492523683653555,A CHANGER
381,betty,"2,0",Endroit non sécurisé,4891290910625545832,A CHANGER
382,,"2,0",,4891290910625545832,A CHANGER
383,Capitaine R,"4,0",2 nuits à la chambre 107,2226765752401814271,A CHANGER
384,,"5,0",,2226765752401814271,A CHANGER
385,,"4,0",,2226765752401814271,A CHANGER
386,,"4,0",,2226765752401814271,A CHANGER
387,,"3,0",,2226765752401814271,A CHANGER
388,gnadgo,"5,0",Un petit nid douillet ,2239986375328572338,A CHANGER
389,,"3,0",,2239986375328572338,A CHANGER
390,,"5,0",,2239986375328572338,A CHANGER
391,Alizéa,"1,0",ARNAQUE !,-2340333653467444718,A CHANGER
392,,"1,0",,-2340333653467444718,A CHANGER
393,,"1,0",,-2340333653467444718,A CHANGER
394,Anne-karen F,"2,0",décevant,210445003529675439,A CHANGER
395,jeanvandelaar,"5,0",à recommander !,5981781690797305293,A CHANGER
396,,"5,0",,5981781690797305293,A CHANGER
397,,"4,0",,5981781690797305293,A CHANGER
398,,"4,0",,5981781690797305293,A CHANGER
399,Jean-James77700,"4,0",1 nuit en famille pour le réveillon,3663425472593895196,A CHANGER
400,,"4,0",,3663425472593895196,A CHANGER
401,vfayat,"5,0","Charmant, de quelité  et bon prix",1815016156003072860,A CHANGER
402,Thierry B,"4,0",Appart’hotel bien situé ,5775204452537945595,A CHANGER
403,,"4,0",,5775204452537945595,A CHANGER
404,,"4,0",,5775204452537945595,A CHANGER
405,,"2,0",,5775204452537945595,A CHANGER
406,,"4,0",,5775204452537945595,A CHANGER
407,Abdou404,"4,0",Hotel calme très bien situé,7733417139134940944,A CHANGER
408,Sak13,"4,0",EXCELLENT SEJOUR,6025940823361195436,A CHANGER
409,,"4,0",,6025940823361195436,A CHANGER
410,,"5,0",,6025940823361195436,A CHANGER
411,,"4,0",,6025940823361195436,A CHANGER
412,,"4,0",,6025940823361195436,A CHANGER
413,,"4,0",,6025940823361195436,A CHANGER
414,,"4,0",,6025940823361195436,A CHANGER
415,,"4,0",,6025940823361195436,A CHANGER
416,,"4,0",,6025940823361195436,A CHANGER
417,,"4,0",,6025940823361195436,A CHANGER
418,,"4,0",,6025940823361195436,A CHANGER
419,,"4,0",,6025940823361195436,A CHANGER
420,,"3,0",,6025940823361195436,A CHANGER
421,,"4,0",,6025940823361195436,A CHANGER
422,,"4,0",,6025940823361195436,A CHANGER
423,chistelle71,"5,0",Séjour Paris 13 ème,2444569529578724715,A CHANGER
424,Terry_Steph,"4,0",Excellent établissement ,-3194921254206930994,A CHANGER
425,,"4,0",,-3194921254206930994,A CHANGER
426,,"4,0",,-3194921254206930994,A CHANGER
427,,"5,0",,-3194921254206930994,A CHANGER
428,,"4,0",,-3194921254206930994,A CHANGER
429,,"3,0",,-3194921254206930994,A CHANGER
430,Olivier G,"3,0",Une nuit au Kyriad Gobelins,2828832162560596153,A CHANGER
431,,"3,0",,2828832162560596153,A CHANGER
432,,"4,0",,2828832162560596153,A CHANGER
433,,"4,0",,2828832162560596153,A CHANGER
434,,"4,0",,2828832162560596153,A CHANGER
435,,"4,0",,2828832162560596153,A CHANGER
436,,"4,0",,2828832162560596153,A CHANGER
437,,"4,0",,2828832162560596153,A CHANGER
438,,"5,0",,2828832162560596153,A CHANGER
439,patgabar,"4,0",sejour Paris,-1965699638005872675,A CHANGER
440,Shana Priscilla,"5,0",Hôtel très bon rapport qualité prix ,-8657913095292842694,A CHANGER
441,Kiki130122020,"4,0",SEJOUR AU KYRIAD LES GOBELINS,-6675746076894173677,A CHANGER
442,Chris,"5,0",Weekend à Paris,8655961258425522154,A CHANGER
443,Fil38,"4,0",Très bien!,4175394444293365883,A CHANGER
444,,"4,0",,4175394444293365883,A CHANGER
445,,"4,0",,4175394444293365883,A CHANGER
446,,"5,0",,4175394444293365883,A CHANGER
447,,"4,0",,4175394444293365883,A CHANGER
448,,"4,0",,4175394444293365883,A CHANGER
449,,"3,0",,4175394444293365883,A CHANGER
450,,"4,0",,4175394444293365883,A CHANGER
451,,"4,0",,4175394444293365883,A CHANGER
452,,"5,0",,4175394444293365883,A CHANGER
453,marc7986,"4,0",Séjour ,-575215562102554921,A CHANGER
454,,"4,0",,-575215562102554921,A CHANGER
455,,"3,0",,-575215562102554921,A CHANGER
456,Globetrotting80141,"5,0",Super,-4295905865688911399,A CHANGER
457,Ldef,"5,0",Génial ,-5484865675755941498,A CHANGER
458,,"3,0",,-5484865675755941498,A CHANGER
459,,"5,0",,-5484865675755941498,A CHANGER
460,,"4,0",,-5484865675755941498,A CHANGER
461,EdSeb D,"4,0",hotel très charmant ,7921769096053304982,A CHANGER
462,,"3,0",,7921769096053304982,A CHANGER
463,,"4,0",,7921769096053304982,A CHANGER
464,,"4,0",,7921769096053304982,A CHANGER
465,Frederic v,"2,0",Super déçu,-5611310933204872439,A CHANGER
466,,"2,0",,-5611310933204872439,A CHANGER
467,cmathi442506,"1,0",Très bof,6779219600050313080,A CHANGER
468,zipletaitai,"3,0",Accueil pas au niveau du standing de l'hôtel,-8655967035687868667,A CHANGER
469,,"3,0",,-8655967035687868667,A CHANGER
470,,"4,0",,-8655967035687868667,A CHANGER
471,,"3,0",,-8655967035687868667,A CHANGER
472,,"3,0",,-8655967035687868667,A CHANGER
473,,"4,0",,-8655967035687868667,A CHANGER
474,,"4,0",,-8655967035687868667,A CHANGER
475,,"4,0",,-8655967035687868667,A CHANGER
476,,"5,0",,-8655967035687868667,A CHANGER
477,Regis L,"4,0",Journée détente,-54736877893428368,A CHANGER
478,,"4,0",,-54736877893428368,A CHANGER
479,,"5,0",,-54736877893428368,A CHANGER
480,,"5,0",,-54736877893428368,A CHANGER
481,Lucie.S,"5,0",Un hôtel agréable,-6419411724955321208,A CHANGER
482,,"5,0",,-6419411724955321208,A CHANGER
